{
    "PluginName": "DutyPusher",
    "WelcomeLine": "Bienvenue sur DutyPusher, veuillez lire le guide avant utilisation",
    "GuideURL": "https://github.com/MorCherlf/FFXIVDutyPusher?tab=readme-ov-file#device-setting",
    "PushChannel": "Canal de notification",
    "Bark": "Bark",
    "PushDeer": "PushDeer",
    "TelegramOfficialAPI": "API Officielle Telegram Bot",
    "Chat_ID": "Chat ID",
    "Get_Chat_ID": "Obtenir l'ID de chat",
    "BarkURL": "URL Bark",
    "PushDeerKey": "Clé PushDeer",
    "TelegramBotToken": "Jeton du bot Telegram",
    "Test": "Tester",
    "TimeSensitive": "Notification Urgent",
    "Enable": "Activer",
    "Save": "Enregistrer",
    "Guide": "Guide",
    "PushTitle": "DutyPusher",
    "PushContent": "Votre donjon est prêt",
    "TestContent": "Ceci est une notification de test du plugin FFXIV Dalamud DutyPusher",
    "LocalizationLoading": "Langue française chargée avec succès !",
    "IsPluginActive": "DutyPusher est",
    "On": "Actif",
    "Off": "Inactif"
}
