{
    "PluginName": "DutyPusher",
    "WelcomeLine": "Bienvenido a DutyPusher, por favor lee la guía antes de usar",
    "GuideURL": "https://github.com/MorCherlf/FFXIVDutyPusher?tab=readme-ov-file#device-setting",
    "PushChannel": "Canal de notificaciones",
    "Bark": "Bark",
    "PushDeer": "PushDeer",
    "TelegramOfficialAPI": "API Oficial de Telegram Bot",
    "Chat_ID": "Chat ID",
    "Get_Chat_ID": "Obtener ChatID",
    "BarkURL": "URL de Bark",
    "PushDeerKey": "Clave PushDeer",
    "TelegramBotToken": "Token del Bot de Telegram",
    "Test": "Probar",
    "TimeSensitive": "Notificación urgente",
    "Enable": "Habilitar",
    "Save": "Guardar",
    "Guide": "Guía",
    "PushTitle": "DutyPusher",
    "PushContent": "Tu mazmorra está lista",
    "TestContent": "Esta es una notificación de prueba del plugin FFXIV Dalamud DutyPusher",
    "LocalizationLoading": "¡Idioma español cargado con éxito!",
    "IsPluginActive": "DutyPusher está",
    "On": "Activo",
    "Off": "Inactivo"
}
