{
    "PluginName": "DutyPusher",
    "WelcomeLine": "Benvenuto in DutyPusher, leggi la guida prima dell'uso",
    "GuideURL": "https://github.com/MorCherlf/FFXIVDutyPusher?tab=readme-ov-file#device-setting",
    "PushChannel": "Canale di notifica",
    "Bark": "Bark",
    "PushDeer": "PushDeer",
    "TelegramOfficialAPI": "API Ufficiale Telegram Bot",
    "Chat_ID": "Chat ID",
    "Get_Chat_ID": "Ottieni ChatID",
    "BarkURL": "URL Bark",
    "PushDeerKey": "Chiave PushDeer",
    "TelegramBotToken": "Token del Bot Telegram",
    "Test": "Test",
    "TimeSensitive": "Tempodipendente",
    "Enable": "Abilita",
    "Save": "Salva",
    "Guide": "Guida",
    "PushTitle": "DutyPusher",
    "PushContent": "Il tuo dungeon è pronto",
    "TestContent": "Questo è un test di notifica dal plugin FFXIV Dalamud DutyPusher",
    "LocalizationLoading": "Lingua italiana caricata con successo!",
    "IsPluginActive": "DutyPusher è",
    "On": "Attivo",
    "Off": "Disattivo"
}
