{
    "PluginName": "DutyPusher",
    "WelcomeLine": "歡迎使用DutyPusher，使用前請閱讀使用指南",
    "GuideURL": "https://github.com/MorCherlf/FFXIVDutyPusher?tab=readme-ov-file#device-setting",
    "PushChannel": "推送渠道",
    "Bark": "Bark",
    "PushDeer": "PushDeer",
    "TelegramOfficialAPI": "Telegram Bot官方API",
    "Chat_ID": "Chat ID",
    "Get_Chat_ID": "取得ChatID",
    "BarkURL": "Bark推送URL",
    "PushDeerKey": "PushDeer Key",
    "TelegramBotToken": "Telegram Bot Token",
    "Test": "測試",
    "TimeSensitive": "即時通知",
    "Enable": "啟用",
    "Save": "儲存",
    "Guide": "使用指南",
    "PushTitle": "DutyPusher",
    "PushContent": "你的副本已經準備就緒",
    "TestContent": "這是一則來自FFXIV Dalamud插件 DutyPusher 的測試通知",
    "LocalizationLoading": "成功載入語言: 繁體中文！",
    "IsPluginActive": "當前副本通知",
    "On": "開啟",
    "Off": "關閉"
}
