{
    "PluginName": "DutyPusher",
    "WelcomeLine": "DutyPusher를 사용해 주셔서 감사합니다. 사용 전 가이드를 읽어주세요",
    "GuideURL": "https://github.com/MorCherlf/FFXIVDutyPusher?tab=readme-ov-file#device-setting",
    "PushChannel": "푸시 채널",
    "Bark": "Bark",
    "PushDeer": "PushDeer",
    "TelegramOfficialAPI": "Telegram Official Bot API",
    "Chat_ID": "Chat ID",
    "Get_Chat_ID": "ChatID 얻기",
    "BarkURL": "Bark URL",
    "PushDeerKey": "PushDeer Key",
    "TelegramBotToken": "Telegram Bot Token",
    "Test": "테스트",
    "TimeSensitive": "시간 민감",
    "Enable": "활성화",
    "Save": "저장",
    "Guide": "가이드",
    "PushTitle": "DutyPusher",
    "PushContent": "던전이 준비되었습니다",
    "TestContent": "FFXIV Dalamud 플러그인 DutyPusher 의 테스트 알림입니다",
    "LocalizationLoading": "한국어 언어가 성공적으로 로드되었습니다!",
    "IsPluginActive": "DutyPusher 상태",
    "On": "활성",
    "Off": "비활성"
}
