{
    "PluginName": "DutyPusher",
    "WelcomeLine": "Willkommen bei DutyPusher, bitte lesen Sie die Anleitung vor der Verwendung",
    "GuideURL": "https://github.com/MorCherlf/FFXIVDutyPusher?tab=readme-ov-file#device-setting",
    "PushChannel": "Push-Kanal",
    "Bark": "Bark",
    "PushDeer": "PushDeer",
    "TelegramOfficialAPI": "Telegram Bot Offizielle API",
    "Chat_ID": "Chat ID",
    "Get_Chat_ID": "Chat-ID erhalten",
    "BarkURL": "Bark-URL",
    "PushDeerKey": "PushDeer-Schlüssel",
    "TelegramBotToken": "Telegram Bot Token",
    "Test": "Test",
    "TimeSensitive": "Zeitkritisch",
    "Enable": "Aktivieren",
    "Save": "Speichern",
    "Guide": "Anleitung",
    "PushTitle": "DutyPusher",
    "PushContent": "Dein Dungeon ist bereit",
    "TestContent": "Dies ist eine Testbenachrichtigung vom FFXIV Dalamud Plugin DutyPusher",
    "LocalizationLoading": "Sprache Deutsch erfolgreich geladen!",
    "IsPluginActive": "DutyPusher ist",
    "On": "Aktiv",
    "Off": "Inaktiv"
}
