{
    "PluginName": "DutyPusher",
    "WelcomeLine": "Velkommen til DutyPusher, vennligst les bruksanvisningen før bruk",
    "GuideURL": "https://github.com/MorCherlf/FFXIVDutyPusher?tab=readme-ov-file#device-setting",
    "PushChannel": "Push-kanal",
    "Bark": "Bark",
    "PushDeer": "PushDeer",
    "TelegramOfficialAPI": "Telegram Bot Offisiell API",
    "Chat_ID": "Chat ID",
    "Get_Chat_ID": "Hent ChatID",
    "BarkURL": "Bark URL",
    "PushDeerKey": "PushDeer-nøkkel",
    "TelegramBotToken": "Telegram Bot Token",
    "Test": "Test",
    "TimeSensitive": "Tidsfølsom",
    "Enable": "Aktiver",
    "Save": "Lagre",
    "Guide": "Veiledning",
    "PushTitle": "DutyPusher",
    "PushContent": "Dungeonet ditt er klart",
    "TestContent": "Dette er en testvarsel fra FFXIV Dalamud-plugin DutyPusher",
    "LocalizationLoading": "Norsk språk lastet inn!",
    "IsPluginActive": "DutyPusher er",
    "On": "Aktiv",
    "Off": "Inaktiv"
}
