{
    "PluginName": "DutyPusher",
    "WelcomeLine": "Welcome to use the DutyPusher, please read the guide before using",
    "GuideURL": "https://github.com/MorCherlf/FFXIVDutyPusher?tab=readme-ov-file#device-setting",
    "PushChannel": "Push Channel",
    "Bark": "Bark",
    "PushDeer": "PushDeer",
    "TelegramOfficialAPI": "Telegram Bot Official API",
    "Chat_ID": "Chat ID",
    "Get_Chat_ID": "Get ChatID",
    "BarkURL": "Bark URL",
    "PushDeerKey": "PushDeer Key",
    "TelegramBotToken": "Telegram Bot Token",
    "Test": "Test",
    "TimeSensitive": "Time Sensitive",
    "Enable": "Enable",
    "Save": "Save",
    "Guide": "Guide",
    "PushTitle": "DutyPusher",
    "PushContent": "Your Duty is ready",
    "TestContent": "This is a test notify from FFXIV Dalamud Plugin DutyPusher",
    "LocalizationLoading": "Sucessed to load Language English!",
    "IsPluginActive": "The DutyPusher is",
    "On": "Active",
    "Off": "Inactive"
}
