{
    "PluginName": "DutyPusher",
    "WelcomeLine": "Добро пожаловать в DutyPusher, пожалуйста, прочтите руководство перед использованием",
    "GuideURL": "https://github.com/MorCherlf/FFXIVDutyPusher?tab=readme-ov-file#device-setting",
    "PushChannel": "Канал уведомлений",
    "Bark": "Bark",
    "PushDeer": "PushDeer",
    "TelegramOfficialAPI": "Официальный API Telegram Bot",
    "Chat_ID": "Chat ID",
    "Get_Chat_ID": "Получить ChatID",
    "BarkURL": "Bark URL",
    "PushDeerKey": "PushDeer ключ",
    "TelegramBotToken": "Токен Telegram Bot",
    "Test": "Тест",
    "TimeSensitive": "Срочное уведомление",
    "Enable": "Включить",
    "Save": "Сохранить",
    "Guide": "Руководство",
    "PushTitle": "DutyPusher",
    "PushContent": "Ваше подземелье готово",
    "TestContent": "Это тестовое уведомление от плагина FFXIV Dalamud DutyPusher",
    "LocalizationLoading": "Русский язык успешно загружен!",
    "IsPluginActive": "DutyPusher",
    "On": "Включен",
    "Off": "Выключен"
}
