{
  "Author": "MorCherlf",
  "Name": "DutyPusher",
  "InternalName": "DutyPusher",
  "AssemblyVersion": "0.1.0.0",
  "Description": "You can use this plugin to push notify to your device when your duty is ready",
  "ApplicableVersion": "any",
  "RepoUrl": "https://github.com/MorCherlf/FFXIVDutyPusher",
  "Tags": [
    "utility"
  ],
  "DalamudApiLevel": 9,
  "LoadRequiredState": 0,
  "LoadSync": false,
  "CanUnloadAsync": false,
  "LoadPriority": 0,
  "Punchline": "Push notify to your device when your duty is ready",
  "AcceptsFeedback": true
}